Login;Password;CPM;Protein;Fats;Carbs;Total_cpm;Total_carbs;Total_pal;Total_fats
Dominik;dolechny123;3120.411;108.0;86.67808333333333;390.051375;326.0;55.3;7.5;8.0
Dominik2;12345;0.0;0.0;0.0;0.0;0.0;0.0;0.0;0.0
dolechny;12345678;3477.5;150.0;75.0;550.62;7829.0;284.9;220.2;658.7
